#SampleID	BarcodeSequence	LinkerPrimerSequence	Primer	Plate	Platelocation	Project	Species	Source	AnimalID	Description1	Description	Lane
D1367	CGTTGACACCCA	GTGTGYCAGCMGCCGCGGTAA	Primer_Plate16_G11	4	G11	Lyte	Chicken	Ceceal Contents	4	NoTreatment	D1367	run1
D1368	GCTTCCAGACAA	GTGTGYCAGCMGCCGCGGTAA	Primer_Plate16_G12	4	G12	Lyte	Chicken	Ceceal Contents	1	NoTreatment	D1368	run1
D1369	ATAACCATAGGA	GTGTGYCAGCMGCCGCGGTAA	Primer_Plate16_H1	4	H1	Lyte	Chicken	Ceceal Contents	9	NoTreatment	D1369	run1
D1370	GCTGTCGTCAAC	GTGTGYCAGCMGCCGCGGTAA	Primer_Plate16_H2	4	H2	Lyte	Chicken	Ceceal Contents	10	NoTreatment	D1370	run1
D1371	GAATGGATGGGC	GTGTGYCAGCMGCCGCGGTAA	Primer_Plate16_H3	4	H3	Lyte	Chicken	Ceceal Contents	11	NoTreatment	D1371	run1
D1372	GGTAGACCGGGT	GTGTGYCAGCMGCCGCGGTAA	Primer_Plate16_H4	4	H4	Lyte	Chicken	Ceceal Contents	12	NoTreatment	D1372	run1
D1373	TGTCATGGCTGA	GTGTGYCAGCMGCCGCGGTAA	Primer_Plate16_H5	4	H5	Lyte	Chicken	Ceceal Contents	14	NoTreatment	D1373	run1
D1374	AGAGTAAGCCGG	GTGTGYCAGCMGCCGCGGTAA	Primer_Plate16_H6	4	H6	Lyte	Chicken	Ceceal Contents	15	NoTreatment	D1374	run1
D1375	TCGCGCAACTGT	GTGTGYCAGCMGCCGCGGTAA	Primer_Plate16_H7	4	H7	Lyte	Chicken	Ceceal Contents	16	NoTreatment	D1375	run1
D1376	TGAAGCACACTA	GTGTGYCAGCMGCCGCGGTAA	Primer_Plate16_H8	4	H8	Lyte	Chicken	Ceceal Contents	17	NoTreatment	D1376	run1
D1377	ATCCACTCTATA	GTGTGYCAGCMGCCGCGGTAA	Primer_Plate16_H9	4	H9	Lyte	Chicken	Ceceal Contents	21	Probiotics	D1377	run1
D1378	GTCGGAAATTGT	GTGTGYCAGCMGCCGCGGTAA	Primer_Plate16_H10	4	H10	Lyte	Chicken	Ceceal Contents	23	Probiotics	D1378	run1
D1379	ATGTGTGTAGAC	GTGTGYCAGCMGCCGCGGTAA	Primer_Plate16_H11	4	H11	Lyte	Chicken	Ceceal Contents	25	Probiotics	D1379	run1
D1380	TAACGAATAGAA	GTGTGYCAGCMGCCGCGGTAA	Primer_Plate16_H12	4	H12	Lyte	Chicken	Ceceal Contents	27	Probiotics	D1380	run1
D1381	TAGACCGACTCC	GTGTGYCAGCMGCCGCGGTAA	Primer_Plate7_A1	5	A1	Lyte	Chicken	Ceceal Contents	28	Probiotics	D1381	run2
D1382	TGGAATTCGGCT	GTGTGYCAGCMGCCGCGGTAA	Primer_Plate7_A2	5	A2	Lyte	Chicken	Ceceal Contents	30	Probiotics	D1382	run2
D1383	GAAGATCTATCG	GTGTGYCAGCMGCCGCGGTAA	Primer_Plate7_A3	5	A3	Lyte	Chicken	Ceceal Contents	31	Probiotics	D1383	run2
D1384	ATCGCCGCCTTG	GTGTGYCAGCMGCCGCGGTAA	Primer_Plate7_A4	5	A4	Lyte	Chicken	Ceceal Contents	34	Probiotics	D1384	run2
D1385	TAGTGTCGGATC	GTGTGYCAGCMGCCGCGGTAA	Primer_Plate7_A5	5	A5	Lyte	Chicken	Ceceal Contents	36	Probiotics	D1385	run2
D1386	TCAAGCAATACG	GTGTGYCAGCMGCCGCGGTAA	Primer_Plate7_A6	5	A6	Lyte	Chicken	Ceceal Contents	39	Probiotics	D1386	run2
D1387	AGGGAGCTTCGG	GTGTGYCAGCMGCCGCGGTAA	Primer_Plate7_A7	5	A7	Lyte	Chicken	Ceceal Contents	41	LiveSalmonella	D1387	run2
D1388	CTGGTAAGTCCA	GTGTGYCAGCMGCCGCGGTAA	Primer_Plate7_A8	5	A8	Lyte	Chicken	Ceceal Contents	42	LiveSalmonella	D1388	run2
D1389	GGACTTCCAGCT	GTGTGYCAGCMGCCGCGGTAA	Primer_Plate7_A9	5	A9	Lyte	Chicken	Ceceal Contents	43	LiveSalmonella	D1389	run2
D1390	GGAGGAGCAATA	GTGTGYCAGCMGCCGCGGTAA	Primer_Plate7_A10	5	A10	Lyte	Chicken	Ceceal Contents	52	LiveSalmonella	D1390	run2
D1391	CATGAACAGTGT	GTGTGYCAGCMGCCGCGGTAA	Primer_Plate7_A11	5	A11	Lyte	Chicken	Ceceal Contents	54	LiveSalmonella	D1391	run2
D1392	TAGGTAACCGAT	GTGTGYCAGCMGCCGCGGTAA	Primer_Plate7_A12	5	A12	Lyte	Chicken	Ceceal Contents	55	LiveSalmonella	D1392	run2
D1393	GGAATCCGATTA	GTGTGYCAGCMGCCGCGGTAA	Primer_Plate7_B1	5	B1	Lyte	Chicken	Ceceal Contents	57	LiveSalmonella	D1393	run2
D1394	TTCCCACCCATT	GTGTGYCAGCMGCCGCGGTAA	Primer_Plate7_B2	5	B2	Lyte	Chicken	Ceceal Contents	58	LiveSalmonella	D1394	run2
D1395	GTCCCAGTCCCA	GTGTGYCAGCMGCCGCGGTAA	Primer_Plate7_B3	5	B3	Lyte	Chicken	Ceceal Contents	59	LiveSalmonella	D1395	run2
D1396	AGCCAGTCATAC	GTGTGYCAGCMGCCGCGGTAA	Primer_Plate7_B4	5	B4	Lyte	Chicken	Ceceal Contents	60	LiveSalmonella	D1396	run2
D1397	GTGTAATGTAGA	GTGTGYCAGCMGCCGCGGTAA	Primer_Plate7_B5	5	B5	Lyte	Chicken	Ceceal Contents	61	Probiotics-AND-LiveSalmonella	D1397	run2
D1398	ATACTGAGTGAA	GTGTGYCAGCMGCCGCGGTAA	Primer_Plate7_B6	5	B6	Lyte	Chicken	Ceceal Contents	62	Probiotics-AND-LiveSalmonella	D1398	run2
D1399	TGTATGCTTCTA	GTGTGYCAGCMGCCGCGGTAA	Primer_Plate7_B7	5	B7	Lyte	Chicken	Ceceal Contents	63	Probiotics-AND-LiveSalmonella	D1399	run2
D1400	GAACTCGCTATG	GTGTGYCAGCMGCCGCGGTAA	Primer_Plate7_B8	5	B8	Lyte	Chicken	Ceceal Contents	64	Probiotics-AND-LiveSalmonella	D1400	run2
D1401	CGATATCAGTAG	GTGTGYCAGCMGCCGCGGTAA	Primer_Plate7_B9	5	B9	Lyte	Chicken	Ceceal Contents	66	Probiotics-AND-LiveSalmonella	D1401	run2
D1402	TCGTAGTAATGG	GTGTGYCAGCMGCCGCGGTAA	Primer_Plate7_B10	5	B10	Lyte	Chicken	Ceceal Contents	69	Probiotics-AND-LiveSalmonella	D1402	run2
D1403	CGGGTCCTCTTG	GTGTGYCAGCMGCCGCGGTAA	Primer_Plate7_B11	5	B11	Lyte	Chicken	Ceceal Contents	73	Probiotics-AND-LiveSalmonella	D1403	run2
D1404	GTCGGGCCGGTA	GTGTGYCAGCMGCCGCGGTAA	Primer_Plate7_B12	5	B12	Lyte	Chicken	Ceceal Contents	74	Probiotics-AND-LiveSalmonella	D1404	run2
D1405	TCCGACCCGATC	GTGTGYCAGCMGCCGCGGTAA	Primer_Plate7_C1	5	C1	Lyte	Chicken	Ceceal Contents	76	Probiotics-AND-LiveSalmonella	D1405	run2
D1406	CCGCATGACCTA	GTGTGYCAGCMGCCGCGGTAA	Primer_Plate7_C2	5	C2	Lyte	Chicken	Ceceal Contents	79	Probiotics-AND-LiveSalmonella	D1406	run2
